INSERT INTO book_authors (BookID, AuthorID) VALUES
(1, 1),
(2, 2),
(3, 2),
(4, 3),
(5, 3),
(6, 3),
(7, 4),
(8, 4),
(9, 5),
(10, 6),
(11, 7),
(12, 8),
(13, 9),
(14, 9),
(15, 9),
(16, 10),
(17, 11),
(18, 12),
(19, 12),
(20, 12),
(21, 12),
(22, 13),
(23, 14),
(24, 14),
(25, 14),
(26, 15),
(27, 15),
(28, 15),
(29, 15),
(30, 15),
(31, 15),
(32, 15),
(33, 15)
;

INSERT INTO authors (AuthorID, FirstName, LastName) VALUES
(1, 'Naoki', 'Urasawa'),
(2, 'Touko', 'Amekawa'),
(3, 'Asato', 'Asato'),
(4, 'Tamaiki', 'Wakaki'),
(5, 'Michael', 'Whitlock'),
(6, 'Brian', 'Christian'),
(7, 'James', 'Clear'),
(8, 'Donald H.', 'Wolfe'),
(9, 'Asagi', 'Orikawa'),
(10, 'John', 'Bateson'),
(11, 'Charlotte', 'Bronte'),
(12, 'Hisaya', 'Amagishi'),
(13, 'Stephen', 'Hawking'),
(14, 'Elizabeth', 'Kerner'),
(15, 'Sarah J.', 'Maas')
;

INSERT INTO books (BookID, GenreID, Title, ISBN, PublicationYear, Price, PublisherID, image, stock) VALUES
(1, 1, '20th Century Boys, Vol. 1', 9781421599618, 2018, 13.60, 1, 'https://github.com/kjd-guardiano/CPSC332-Database-Project/blob/main/images/9781421599618.jpg?raw=true',2),
(2, 2, '7th Time Loop — The Villainess Enjoys A Carefree Lie Married To Her Worst Enemy, Vol. 1', 9781638586388, 2022, 13.01, 2, 'https://github.com/kjd-guardiano/CPSC332-Database-Project/blob/main/images/9781638586388.jpg?raw=true',10),
(3, 2, '7th Time Loop — The Villainess Enjoys A Carefree Lie Married To Her Worst Enemy, Vol. 2', 9781638587682, 2022, 9.70, 2, 'https://github.com/kjd-guardiano/CPSC332-Database-Project/blob/main/images/9781638587682.jpg?raw=true',7),
(4, 3, '86, Vol. 1', 9781975319175, 2020, 12.73, 3, 'https://github.com/kjd-guardiano/CPSC332-Database-Project/blob/main/images/9781975319175.jpg?raw=true',8),
(5, 3, '86, Vol. 2', 9781975319250, 2021, 11.29, 3, 'https://github.com/kjd-guardiano/CPSC332-Database-Project/blob/main/images/9781975319250.jpg?raw=true',9),
(6, 3, '86, Vol. 3', 9781975349561, 2022, 12.09, 3, 'https://github.com/kjd-guardiano/CPSC332-Database-Project/blob/main/images/9781975349561.jpg?raw=true',3),
(7, 4, '365 Days to the Wedding, Vol. 1', 9798888432631, 2023, 13.91, 2, 'https://github.com/kjd-guardiano/CPSC332-Database-Project/blob/main/images/9798888432631.jpg?raw=true',70),
(8, 4, '365 Days to the Wedding, Vol. 2', 9798888433324, 2024, 13.91, 2, 'https://github.com/kjd-guardiano/CPSC332-Database-Project/blob/main/images/9798888433324.jpg?raw=true,',5),
(9, 5, 'The Analysis of Biological Data', 9781319226237, 2020, 104.02, 4, 'https://github.com/kjd-guardiano/CPSC332-Database-Project/blob/main/images/9781319226237.jpg?raw=true',3),
(10, 5, 'The Alignment Problem — Machine Learning and Human Values', 9780393868333, 2021, 8.66, 5, 'https://github.com/kjd-guardiano/CPSC332-Database-Project/blob/main/images/9780393868333.jpg?raw=true',4),
(11, 6, 'Atomic Habits', 9780735211292, 2018, 13.79, 6, 'https://github.com/kjd-guardiano/CPSC332-Database-Project/blob/main/images/9780735211292.jpg?raw=true',18),
(12, 7, 'The Black Dahlia Files', 9780060582500, 2006, 8.10, 7, 'https://github.com/kjd-guardiano/CPSC332-Database-Project/blob/main/images/9780060582500.jpg?raw=true',10),
(13, 8, 'The Dragon Knights Beloved, Vol. 1', 9781648276668, 2022, 12.92, 2, 'https://github.com/kjd-guardiano/CPSC332-Database-Project/blob/main/images/9781648276668.jpg?raw=true',4),
(14, 8, 'The Dragon Knights Beloved, Vol. 2', 9781638581505, 2022, 12.92, 2, 'https://github.com/kjd-guardiano/CPSC332-Database-Project/blob/main/images/9781638581505.jpg?raw=true',20),
(15, 8, 'The Dragon Knights Beloved, Vol. 3', 9781638583431, 2022, 12.92, 2, 'https://github.com/kjd-guardiano/CPSC332-Database-Project/blob/main/images/9781638583431.jpg?raw=true',8),
(16, 9, 'The Education of a Coroner: Lessons in Investigating Death', 9781501168239, 2018, 10.49, 8, 'https://github.com/kjd-guardiano/CPSC332-Database-Project/blob/main/images/9781501168239.jpg?raw=true',4),
(17, 10, 'Jane Eyre', 9781441342140, 2023, 19.99, 9, 'https://github.com/kjd-guardiano/CPSC332-Database-Project/blob/main/images/9781441342140.jpg?raw=true',3),
(18, 11, 'Magic Artisan Dahlia Wilts No More, Vol. 1', 9781638581994, 2022, 11.46, 2, 'https://github.com/kjd-guardiano/CPSC332-Database-Project/blob/main/images/9781638581994.jpg?raw=true',2),
(19, 11, 'Magic Artisan Dahlia Wilts No More, Vol. 2', 9781638583417, 2022, 12.92, 2, 'https://github.com/kjd-guardiano/CPSC332-Database-Project/blob/main/images/9781638583417.jpg?raw=true',4),
(20, 11, 'Magic Artisan Dahlia Wilts No More, Vol. 3', 9781638587187, 2022, 12.92, 2, 'https://github.com/kjd-guardiano/CPSC332-Database-Project/blob/main/images/9781638587187.jpg?raw=true',9),
(21, 11, 'Magic Artisan Dahlia Wilts No More, Vol. 4', 9781638589686, 2023, 13.91, 2, 'https://github.com/kjd-guardiano/CPSC332-Database-Project/blob/main/images/9781638589686.jpg?raw=true',24),
(22, 12, 'On The Shoulders of Giants: The Great Works of Physics and Astronomy', 9780762416981, 2003, 29.81, 10, 'https://github.com/kjd-guardiano/CPSC332-Database-Project/blob/main/images/9780762416981.jpg?raw=true',1),
(23, 8, 'Song in the Silence', 9780812550443, 1998, 5.15, 11, 'https://github.com/kjd-guardiano/CPSC332-Database-Project/blob/main/images/9780812550443.jpg?raw=true',5),
(24, 8, 'The Lesser Kindred', 9780812568752, 2001, 4.94, 11, 'https://github.com/kjd-guardiano/CPSC332-Database-Project/blob/main/images/9780812568752.jpg?raw=true',3),
(25, 8, 'Redeeming the Lost', 9780812568769, 2005, 4.15, 11, 'https://github.com/kjd-guardiano/CPSC332-Database-Project/blob/main/images/9780812568769.jpg?raw=true',9),
(26, 13, 'The Assassins Blade', 9781639731091, 2023, 9.95, 12, 'https://github.com/kjd-guardiano/CPSC332-Database-Project/blob/main/images/9781639731091.jpg?raw=true',7),
(27, 13, 'Throne of Glass', 9781639730957, 2023, 7.95, 12, 'https://github.com/kjd-guardiano/CPSC332-Database-Project/blob/main/images/9781639730957.jpg?raw=true',8),
(28, 13, 'Crown of Midnight', 9781639730971, 2023, 14.24, 12, 'https://github.com/kjd-guardiano/CPSC332-Database-Project/blob/main/images/9781639730971.jpg?raw=true',10),
(29, 13, 'Heir of Fire', 9781639730995, 2023, 9.97, 12, 'https://github.com/kjd-guardiano/CPSC332-Database-Project/blob/main/images/9781639730995.jpg?raw=true',8),
(30, 13, 'Queen of Shadows', 9781639731015, 2023, 10.12, 12, 'https://github.com/kjd-guardiano/CPSC332-Database-Project/blob/main/images/9781639731015.jpg?raw=true',9),
(31, 13, 'Empire of Storms', 9781639731039, 2023, 14.24, 12, 'https://github.com/kjd-guardiano/CPSC332-Database-Project/blob/main/images/9781639731039.jpg?raw=true',3),
(32, 13, 'Tower of Dawn', 9781639731053, 2023, 9.94, 12, 'https://github.com/kjd-guardiano/CPSC332-Database-Project/blob/main/images/9781639731053.jpg?raw=true',2),
(32, 13, 'Kingdom of Ash', 9781639731077, 2023, 14.85, 12, 'https://github.com/kjd-guardiano/CPSC332-Database-Project/blob/main/images/9781639731077.jpg?raw=true',4);


INSERT INTO genres (GenreID, GenreName) VALUES
(1, 'Sci-Fi/Detective/Mystery'),
(2, 'Romance/History/Fantasy'),
(3, 'Mecha/Military/Sci-Fi'),
(4, 'Romance'),
(5, 'Science/Non-Fiction'),
(6, 'Health'),
(7, 'Mystery/Non-Fiction/Crime'),
(8, 'Romance/Fantasy'),
(9, 'Science'),
(10, 'Gothic/Fiction/Romance'),
(11, 'Comedy/Fantasy/Romance'),
(12, 'Biography'),
(13, 'High Fantasy/Fiction')
;

INSERT INTO publishers (PublisherID, PublisherName) VALUES
(1, 'VIZ Media LLC'),
(2, 'Seven Seas'),
(3, 'Yen Press'),
(4, 'W. H. Freeman'),
(5, 'W. W. Norton & Company'),
(6, 'Avery'),
(7, 'Harper Paperbacks'),
(8, 'Scribner'),
(9, 'Peter Pauper Press'),
(10, 'Running Press Book Publishers'),
(11, 'Tor Fantasy'),
(12, 'Bloomsbury Publishing')
;
